
<DataSource  
    ID="CustomerGrid"  
    serverType="generic" 
    >
    
    <fields>         
        <field name="id"  hidden="true"  canEdit="true"  primaryKey="true" />  
        <field name="customerNumber" hidden="false" canEdit="false"/>
        <field name="parentId" foreignKey="CustomerGrid.id"/>
        <field name="folder" type="boolean" canEdit="false"/>
        <field name="name" hidden="false" canEdit="false"/>
    
  
    </fields>  


    <serverObject  lookupStyle="spring" bean = "customerTreeDMI"/>  
    
    <operationBindings>  
        <binding operationType="fetch" serverMethod="fetch"  >  
        </binding>
        <binding operationType="update" serverMethod="update">  
        </binding>
        
    </operationBindings>
    
    <title>SVMP</title>
    <pluralTitle>SVMP</pluralTitle>
    <xmlFromConfig>true</xmlFromConfig>
</DataSource>

<!--<field name="parentId" foreignKey="channelConfiguration.id"/>-->