<?xml version="1.0" encoding="UTF-8"?>
<project-private xmlns="http://www.netbeans.org/ns/project-private/1">
    <editor-bookmarks xmlns="http://www.netbeans.org/ns/editor-bookmarks/2" lastBookmarkId="0"/>
    <open-files xmlns="http://www.netbeans.org/ns/projectui-open-files/2">
        <group>
            <file>file:/home/leo/Desktop/WAF/WAF/SVMP/src/com/traqueasia/SVMP/SVMP.gwt.xml</file>
            <file>file:/home/leo/Desktop/WAF/WAF/SVMP/src/com/traqueasia/SVMP/server/entities/Customer.java</file>
            <file>file:/home/leo/Desktop/WAF/WAF/SVMP/src/SVMP.properties</file>
        </group>
    </open-files>
</project-private>
