
<DataSource  
    ID="TreeGrid"  
    serverType="generic" 
>
    
    <fields>         
        <field name="id"  hidden="true"  canEdit="true"  primaryKey="true" />  

        <field name="parentId" />

        <field name="name" hidden="false" canEdit="false"/>
 
    </fields>  


    <serverObject  lookupStyle="spring" bean = "TreeDMI"/>  
    
    <operationBindings>  
        <binding operationType="fetch" serverMethod="fetch"  >  
        </binding>
        <binding operationType="update" serverMethod="update">  
        </binding>
        <binding operationType="remove" serverMethod="remove">  
        </binding>
        
    </operationBindings>
    
    <title>SVMP</title>
    <pluralTitle>SVMP</pluralTitle>
    <xmlFromConfig>true</xmlFromConfig>
</DataSource>

